condition,ignited,trials,spikes_per_trial,wall_s,MN9_L,MN9_R,MN9_all,gf_L,gf_R,gf_all,dnp09_L,dnp09_R,dnp09_all,odn1_L,odn1_R,odn1_all,dna01_L,dna01_R,dna01_all,dna02_L,dna02_R,dna02_all,mdn_L,mdn_R,mdn_all,adn_L,adn_R,adn_all,halt_L,halt_R,halt_all,pc1_L,pc1_R,pc1_all,aipg_L,aipg_R,aipg_all,vpodn_L,vpodn_R,vpodn_all,dnp13_L,dnp13_R,dnp13_all,asp22_L,asp22_R,asp22_all,da1_lpn_L,da1_lpn_R,da1_lpn_all
baseline,0,2,0.0,3.172356605529785,0.0,0.0,0.0,0.0,0.0,0.0,0.0,0.0,0.0,0.0,0.0,0.0,0.0,0.0,0.0,0.0,0.0,0.0,0.0,0.0,0.0,0.0,0.0,0.0,0.0,0.0,0.0,0.0,0.0,0.0,0.0,0.0,0.0,0.0,0.0,0.0,0.0,0.0,0.0,0.0,0.0,0.0,0.0,0.0,0.0
sugar_L,0,2,6738.0,3.8298254013061523,52.14184627118021,78.06939168960662,65.10561898039342,0.0,0.0,0.0,0.0,0.0,0.0,0.0,0.0,0.0,0.0,0.0,0.0,0.0,0.0,0.0,0.0,0.0,0.0,0.0,0.0,0.0,23.558175297813264,7.857170203744071,15.707672750778665,0.0,0.0,0.0,0.0,0.0,0.0,0.0,0.0,0.0,0.0,0.0,0.0,0.0,0.0,0.0,0.0,0.0,0.0
sugar_R,0,2,2588.5,3.3644115924835205,14.267566373089654,16.92156383715026,15.594565105119962,0.0,0.0,0.0,0.0,0.0,0.0,0.0,0.0,0.0,0.0,0.0,0.0,0.0,1.4961601008065348,0.7480800504032674,0.0,0.0,0.0,0.0,0.0,0.0,1.1911250855133888,4.741393945999618,2.9662595157565033,0.0,0.0,0.0,0.0,0.0,0.0,0.0,0.0,0.0,0.0,0.0,0.0,0.0,0.0,0.0,0.0,0.0,0.0
water_L,0,2,3312.5,3.605801582336426,24.4107013558123,49.64705567063949,37.028878513225884,0.0,0.0,0.0,0.0,0.0,0.0,0.0,0.0,0.0,0.0,0.0,0.0,0.0,0.0,0.0,0.0,0.0,0.0,0.0,0.0,0.0,6.744161248691091,0.0,3.3720806243455455,0.0,0.0,0.0,0.0,0.0,0.0,0.0,0.0,0.0,0.0,0.0,0.0,0.0,0.0,0.0,0.0,0.0,0.0
water_R,0,2,1233.5,3.381316661834717,0.0,0.0,0.0,0.0,0.0,0.0,0.0,0.0,0.0,0.0,0.0,0.0,0.0,0.0,0.0,0.0,0.0,0.0,0.0,0.0,0.0,0.0,0.0,0.0,0.0,0.0,0.0,0.0,0.0,0.0,0.0,0.0,0.0,0.0,0.0,0.0,0.0,0.0,0.0,0.0,0.0,0.0,0.0,0.0,0.0
bitter_L,0,2,1234.5,3.665830373764038,0.0,0.0,0.0,0.0,0.0,0.0,0.0,0.0,0.0,0.0,0.0,0.0,0.0,0.0,0.0,0.0,0.0,0.0,0.0,0.0,0.0,0.0,0.0,0.0,0.0,0.0,0.0,0.0,0.0,0.0,0.0,0.0,0.0,0.0,0.0,0.0,0.0,0.0,0.0,0.0,0.0,0.0,0.0,0.0,0.0
bitter_R,0,2,1179.0,3.3996050357818604,0.0,0.0,0.0,0.0,0.0,0.0,0.0,0.0,0.0,0.0,0.0,0.0,0.0,0.0,0.0,0.0,0.0,0.0,0.0,0.0,0.0,0.0,0.0,0.0,0.0,0.0,0.0,0.0,0.0,0.0,0.0,0.0,0.0,0.0,0.0,0.0,0.0,0.0,0.0,0.0,0.0,0.0,0.0,0.0,0.0
leg_grn_L,0,2,2351.5,3.927706480026245,0.0,0.0,0.0,0.0,0.0,0.0,0.0,0.0,0.0,5.7121977173115095,8.543810284935375,7.128004001123442,4.33666151721567,0.0,2.168330758607835,0.0,0.0,0.0,0.0,0.0,0.0,0.0,0.0,0.0,0.0,0.0,0.0,0.0,0.0,0.0,0.0,0.0,0.0,0.0,0.0,0.0,0.0,0.0,0.0,0.0,0.0,0.0,0.0,0.0,0.0
leg_grn_R,0,2,2087.5,4.10318660736084,0.0,0.0,0.0,0.0,0.0,0.0,0.0,0.0,0.0,0.6617387170793547,1.218985711037033,0.9403622140581938,0.6863879677608953,0.24777431276963888,0.4670811402652671,0.8202706016877453,0.20286044968726585,0.5115655256875058,0.0,0.0,0.0,0.0,0.0,0.0,0.0,0.0,0.0,0.0,0.0,0.0,0.0,0.0,0.0,0.0,0.0,0.0,0.0,0.0,0.0,0.0,0.30263222901807757,0.15131611450903878,0.0,0.0,0.0
orn_dm1_L,2,2,3162.5,3.2340540885925293,,,,,,,,,,,,,,,,,,,,,,,,,,,,,,,,,,,,,,,,,,,,,
orn_dm1_R,2,2,3011.5,3.1386024951934814,,,,,,,,,,,,,,,,,,,,,,,,,,,,,,,,,,,,,,,,,,,,,
orn_v_L,2,2,4291.0,3.1010704040527344,,,,,,,,,,,,,,,,,,,,,,,,,,,,,,,,,,,,,,,,,,,,,
orn_v_R,2,2,6531.5,3.0804786682128906,,,,,,,,,,,,,,,,,,,,,,,,,,,,,,,,,,,,,,,,,,,,,
orn_da2_L,0,2,397.0,3.180891275405884,0.0,0.0,0.0,0.0,0.0,0.0,0.0,0.0,0.0,0.0,0.0,0.0,0.0,0.0,0.0,0.0,0.0,0.0,0.0,0.0,0.0,0.0,0.0,0.0,0.0,0.0,0.0,0.0,0.0,0.0,0.0,0.0,0.0,0.0,0.0,0.0,0.0,0.0,0.0,0.0,0.0,0.0,0.0,0.0,0.0
orn_da2_R,0,2,531.0,3.269845485687256,0.0,0.0,0.0,0.0,0.0,0.0,0.0,0.0,0.0,0.0,0.0,0.0,0.0,0.0,0.0,0.0,0.0,0.0,0.0,0.0,0.0,0.0,0.0,0.0,0.0,0.0,0.0,0.0,0.0,0.0,0.0,0.0,0.0,0.0,0.0,0.0,0.0,0.0,0.0,0.0,0.0,0.0,0.0,0.0,0.0
orn_da1_L,2,2,5543.0,3.0516517162323,,,,,,,,,,,,,,,,,,,,,,,,,,,,,,,,,,,,,,,,,,,,,
orn_da1_R,2,2,5257.0,3.4941837787628174,,,,,,,,,,,,,,,,,,,,,,,,,,,,,,,,,,,,,,,,,,,,,
orn_dl3_L,0,2,909.5,3.3129193782806396,0.0,0.0,0.0,0.0,0.0,0.0,0.0,0.0,0.0,0.0,0.0,0.0,0.0,0.0,0.0,0.0,0.0,0.0,0.0,0.0,0.0,0.0,0.0,0.0,0.0,0.0,0.0,0.0,0.0,0.0,0.0,0.0,0.0,0.0,0.0,0.0,0.0,0.0,0.0,0.0,0.0,0.0,0.0,0.0,0.0
orn_dl3_R,2,2,5960.5,3.5392818450927734,0.0,0.0,0.0,0.0,0.0,0.0,0.0,0.0,0.0,0.0,0.0,0.0,0.0,0.0,0.0,0.0,0.0,0.0,0.0,0.0,0.0,0.0,0.0,0.0,0.0,0.0,0.0,0.0,0.0,0.0,0.0,0.0,0.0,0.0,0.0,0.0,0.0,0.0,0.0,0.0,0.0,0.0,0.37764426442087123,0.0,0.20141027435779799
jo_a_L,0,2,1136.5,3.344367027282715,0.0,0.0,0.0,0.0,0.0,0.0,0.0,0.0,0.0,0.0,0.0,0.0,0.0,0.0,0.0,0.0,0.0,0.0,0.0,0.0,0.0,0.0,0.0,0.0,0.0,0.0,0.0,0.0,0.0,0.0,0.0,0.0,0.0,0.0,0.0,0.0,0.0,0.0,0.0,0.0,0.0,0.0,0.0,0.0,0.0
jo_a_R,0,2,1266.0,3.3526840209960938,0.0,0.0,0.0,0.0,0.0,0.0,0.0,0.0,0.0,0.0,0.0,0.0,0.0,0.0,0.0,0.0,0.0,0.0,0.0,0.0,0.0,0.0,0.0,0.0,0.0,0.0,0.0,0.0,0.0,0.0,0.0,0.0,0.0,0.0,0.0,0.0,0.0,0.0,0.0,0.0,0.0,0.0,0.0,0.0,0.0
jo_b_L,0,2,3743.0,3.4636566638946533,0.0,0.0,0.0,0.0,0.0,0.0,0.0,0.0,0.0,0.0,0.0,0.0,0.0,0.0,0.0,0.0,0.0,0.0,0.0,0.0,0.0,0.0,0.0,0.0,0.0,0.0,0.0,0.0,0.0,0.0,0.0,0.0,0.0,0.0,0.0,0.0,0.0,0.0,0.0,0.0,0.0,0.0,0.0,0.0,0.0
jo_b_R,0,2,2493.5,3.737351655960083,0.0,0.0,0.0,0.0,2.20411052806111,1.102055264030555,0.0,0.0,0.0,0.0,0.0,0.0,0.0,0.0,0.0,0.0,0.0,0.0,0.0,0.0,0.0,0.0,0.0,0.0,0.0,0.0,0.0,0.0,0.0,0.0,0.0,0.0,0.0,0.0,0.0,0.0,0.0,0.0,0.0,0.0,0.0,0.0,0.0,0.0,0.0
jo_ce_L,0,2,6267.0,6.660783052444458,0.0,0.0,0.0,0.0,0.0,0.0,0.0,0.0,0.0,0.0,0.0,0.0,0.0,0.0,0.0,0.0,0.0,0.0,0.0,0.0,0.0,0.0,0.0,0.0,0.0,0.0,0.0,0.0,0.0,0.0,0.0,0.0,0.0,0.0,0.0,0.0,0.0,0.0,0.0,0.0,0.0,0.0,0.0,0.0,0.0
jo_ce_R,0,2,6022.0,5.117008924484253,0.0,0.0,0.0,0.0,0.0,0.0,0.0,0.0,0.0,0.0,0.0,0.0,0.0,0.0,0.0,0.0,0.0,0.0,0.0,0.0,0.0,0.0,0.0,0.0,0.0,0.0,0.0,0.0,0.0,0.0,0.0,0.0,0.0,0.0,0.0,0.0,0.0,0.0,0.0,0.0,0.0,0.0,0.0,0.0,0.0
lc4_L,0,2,4387.5,10.905065298080444,0.0,0.0,0.0,57.777802294590145,39.86192119967573,48.81986174713294,0.0,0.0,0.0,0.0,0.0,0.0,0.0,21.616216060244035,10.808108030122018,0.0,11.36629506661344,5.68314753330672,0.0,0.0,0.0,0.0,0.0,0.0,0.0,0.0,0.0,0.0,0.0,0.0,0.0,0.0,0.0,0.0,0.0,0.0,0.0,0.0,0.0,0.0,0.0,0.0,0.0,0.0,0.0
lc4_R,0,2,3960.0,7.231537580490112,0.0,0.0,0.0,33.13810923157073,65.22269048019791,49.18039985588432,0.0,0.0,0.0,0.0,0.16608808874219322,0.08304404437109661,14.612221976514999,0.0,7.306110988257499,8.88284922134012,0.0,4.44142461067006,0.0,0.0,0.0,0.0,0.0,0.0,0.0,0.0,0.0,0.0,0.0,0.0,0.0,0.0,0.0,0.0,0.0,0.0,0.0,0.0,0.0,0.0,0.0,0.0,0.0,0.0,0.0
lplc2_L,0,2,8518.0,7.083932876586914,0.0,0.0,0.0,88.70908254252964,79.02223694169882,83.86565974211425,0.0,0.0,0.0,19.627093473617542,4.80937176985245,12.218232621734995,0.0,21.622759603689076,10.811379801844538,0.0,20.83518705403344,10.41759352701672,0.0,0.0,0.0,0.0,0.0,0.0,0.0,0.0,0.0,0.0,0.0,0.0,0.0,0.0,0.0,0.0,0.0,0.0,2.5101997496547006,0.0,1.2550998748273503,0.0,0.0,0.0,0.0,0.0,0.0
lplc2_R,0,2,9144.0,7.343583345413208,0.0,0.0,0.0,75.0244729583016,108.81351292306744,91.91899294068452,0.0,0.0,0.0,0.018403084798998597,13.474715010152176,6.7465590474755865,13.201553783280662,0.0,6.600776891640331,36.745813457047724,0.0,18.372906728523862,0.0,0.0,0.0,0.0,0.0,0.0,0.0,0.0,0.0,0.0,0.0,0.0,0.0,0.0,0.0,0.0,0.0,0.0,0.0,0.0,0.0,0.0,0.0,0.0,0.0,0.0,0.0
lc11_L,0,2,3970.5,5.821746826171875,0.0,0.0,0.0,0.0,0.0,0.0,0.0,0.0,0.0,0.0,0.0,0.0,0.0,0.0,0.0,5.416890169234167,2.798591137448387,4.107740653341277,0.0,0.0,0.0,0.0,0.0,0.0,0.0,0.0,0.0,0.0,0.0,0.0,0.0,0.0,0.0,0.0,0.0,0.0,0.0,0.0,0.0,0.0,0.0,0.0,0.0,0.0,0.0
lc11_R,0,2,3868.5,5.427132844924927,0.0,0.0,0.0,0.0,0.0,0.0,0.0,0.03013434295288416,0.01506717147644208,10.289222055447622,12.625402729499513,11.457312392473568,0.0,2.116359245465913,1.0581796227329565,7.296505949561187,2.608533981369026,4.952519965465107,0.0,0.0,0.0,0.0,0.0,0.0,0.0,0.0,0.0,0.0,0.0,0.0,0.0,0.0,0.0,0.0,0.0,0.0,0.0,0.0,0.0,0.0,0.0,0.0,0.0,0.0,0.0
cva+song_R,2,2,5254.5,3.0751826763153076,,,,,,,,,,,,,,,,,,,,,,,,,,,,,,,,,,,,,,,,,,,,,
cva+lc11_R,2,2,6685.5,3.2323760986328125,,,,,,,,,,,,,,,,,,,,,,,,,,,,,,,,,,,,,,,,,,,,,
sugar+bitter_R,0,2,3389.5,3.573056936264038,0.0,0.0,0.0,0.0,0.0,0.0,0.0,0.0,0.0,0.0,0.0,0.0,0.0,0.0,0.0,0.0,0.0,0.0,0.0,0.0,0.0,0.0,0.0,0.0,0.0,0.0,0.0,0.0,0.0,0.0,0.0,0.0,0.0,0.0,0.0,0.0,0.0,0.0,0.0,0.0,0.0,0.0,0.0,0.0,0.0
loom_both,0,2,21733.0,23.518301963806152,0.0,0.0,0.0,127.07994720487585,143.44003112099819,135.25998916293702,0.0,0.0,0.0,3.327646609941895,1.6638233049709474,2.4957349574564214,2.8312376350748614,2.095416750023372,2.4633271925491167,4.146106584260965,7.249310063194841,5.697708323727903,0.0,1.2063657834212334,0.6031828917106167,0.0,0.0,0.0,0.0,0.0,0.0,0.0,0.0,0.0,0.0,0.0,0.0,0.0,0.0,0.0,0.0,0.0,0.0,0.0,0.0,0.0,0.0,0.0,0.0
