day,dir,seconds,wall_s,control,brain_mode,dist_Ada,eat_Ada,near_Ada,ign_Ada,lab_Ada,cap_Ada,dist_Bia,eat_Bia,near_Bia,ign_Bia,lab_Bia,cap_Bia,dist_Cleo,eat_Cleo,near_Cleo,ign_Cleo,lab_Cleo,cap_Cleo,dist_Dan,eat_Dan,near_Dan,ign_Dan,lab_Dan,cap_Dan,dist_Edu,eat_Edu,near_Edu,ign_Edu,lab_Edu,cap_Edu,dist_Fil,eat_Fil,near_Fil,ign_Fil,lab_Fil,cap_Fil,encontros,encontros_mf_s,pares_mf,cantos,saltos,capturas,entradas_lab,esferas,presa_agua,convulsao_ticks,fugiram,S1_quase,S1_disparou,S2_quase,S2_disparou,S3_quase,S3_disparou,S4_quase,S4_disparou,agregacao
100,runs\cem\day_0100,60.0,448,,reduced,7.6,0.0,0.09,0.0,0.0,0,20.23,19.31,0.36,0.0,0.0,0,4.71,0.0,0.09,0.0,0.0,0,11.8,0.0,0.0,0.0,19.89,0,12.21,0.0,0.0,0.0,0.0,0,34.51,0.0,0.36,0.0,0.0,0,3.0,0.36,1.0,6.0,105.0,0.0,1.0,0.0,1.0,0.0,0,5,0,0,0,0,0,0,0,0.0026666666666666666
101,runs\cem\day_0101,60.0,561,,reduced,9.79,0.01,0.09,0.0,0.0,0,9.3,0.0,0.0,0.0,28.47,0,7.09,0.0,0.0,0.0,0.0,0,28.59,0.0,0.0,0.0,0.0,0,111.11,0.0,0.09,0.0,28.73,0,31.99,0.81,0.0,0.0,0.0,0,1.0,0.09,1.0,11.0,420.0,0.0,2.0,0.0,1.0,0.0,0,0,0,0,0,0,0,0,0,0.0006666666666666666
102,runs\cem\day_0102,60.0,544,,reduced,26.1,0.0,0.14,0.0,0.0,0,3.43,40.68,0.18,0.0,0.0,0,0.01,59.93,0.0,0.0,0.0,0,16.48,0.0,0.0,0.0,0.0,0,23.73,0.0,0.18,0.0,0.0,0,31.86,0.0,0.14,0.0,0.0,0,2.0,0.32,2.0,3.0,103.0,0.0,0.0,0.0,0.0,0.0,0,1,0,0,0,0,0,0,0,0.0016666666666666668
103,runs\cem\day_0103,60.0,493,,reduced,52.14,0.0,0.0,0.0,0.0,0,4.32,58.94,0.09,0.0,0.0,0,5.4,36.95,0.09,0.0,0.0,0,7.16,0.0,0.0,0.0,0.0,0,36.47,0.0,0.39,0.0,30.11,1,18.65,0.04,0.39,0.0,0.0,0,2.0,0.0,0.0,51.0,245.0,1.0,2.0,1.0,3.0,0.0,0,4,2,0,0,0,0,0,0,0.0029999999999999996
104,runs\cem\day_0104,60.0,468,,reduced,2.52,36.36,22.65,0.0,0.0,0,13.51,0.0,0.0,0.0,0.0,0,12.95,0.0,22.65,0.0,0.0,0,19.24,0.0,0.0,0.0,0.0,0,53.83,0.0,0.0,0.0,0.0,0,8.68,0.98,0.0,0.0,0.0,0,2.0,0.0,0.0,1.0,113.0,0.0,0.0,1.0,2.0,0.0,0,1,0,0,0,0,0,0,0,0.126
150,runs\cem\day_0150,60.0,641,Fil,reduced,1.35,0.0,0.0,0.0,0.0,0,10.4,0.0,0.0,0.0,0.0,0,19.76,0.0,0.0,0.0,0.0,0,18.69,0.0,0.0,0.0,0.0,0,57.66,0.0,0.0,0.0,0.0,0,21.43,0.0,0.0,0.0,0.0,0,0.0,0.0,0.0,44.0,109.0,0.0,0.0,0.0,0.0,0.0,0,0,0,0,0,0,0,0,0,0.0
151,runs\cem\day_0151,60.0,634,Fil,reduced,3.02,47.69,0.0,0.0,0.0,0,6.07,47.15,0.0,0.0,0.0,0,8.01,0.0,0.0,0.0,0.0,0,6.88,0.0,0.0,0.0,0.0,0,3.93,0.0,0.0,0.0,0.0,0,29.8,0.0,0.0,0.0,0.0,3,0.0,0.0,0.0,296.0,40.0,3.0,0.0,1.0,0.0,0.0,0,2,0,0,0,0,0,0,0,0.0
152,runs\cem\day_0152,60.0,512,Fil,reduced,34.2,0.0,0.0,0.0,0.0,0,10.57,0.78,1.69,0.0,0.0,0,11.47,0.0,1.66,0.0,0.0,0,37.59,0.0,0.03,0.0,0.0,0,29.41,0.9,0.0,0.0,0.0,0,30.07,0.0,0.0,0.0,0.0,0,2.0,0.03,1.0,48.0,183.0,0.0,0.0,2.0,0.0,0.0,0,0,0,0,0,0,0,0,0,0.0095
153,runs\cem\day_0153,60.0,632,Fil,reduced,35.34,0.0,0.0,0.0,0.0,0,7.33,59.12,0.0,0.0,0.0,0,6.75,41.16,0.0,0.0,0.0,0,6.98,0.0,0.0,0.0,0.0,0,97.58,0.0,0.0,0.0,33.65,0,29.3,0.0,0.0,0.0,0.0,0,0.0,0.0,0.0,7.0,300.0,0.0,1.0,0.0,1.0,0.0,0,4,0,1,0,1,0,2,0,0.0
154,runs\cem\day_0154,60.0,624,Fil,reduced,4.57,53.54,0.0,0.0,0.0,0,28.51,5.62,5.86,0.0,0.0,0,5.65,0.0,0.0,0.0,0.0,0,12.26,0.0,0.0,0.0,0.0,0,17.89,1.05,5.86,0.0,0.0,0,15.28,0.0,0.0,0.0,0.0,0,1.0,5.86,1.0,20.0,91.0,0.0,0.0,1.0,0.0,0.0,0,0,0,0,0,0,0,0,0,0.03266666666666667
155,runs\cem\day_0155,60.0,639,Fil,reduced,35.44,0.9,0.0,0.0,0.0,0,13.12,0.0,0.0,0.0,0.0,0,26.03,0.0,0.0,0.0,0.0,0,13.64,0.0,0.0,0.0,0.0,0,22.44,0.0,0.0,0.0,0.0,0,35.41,0.0,0.0,0.0,0.0,0,0.0,0.0,0.0,197.0,136.0,0.0,0.0,0.0,0.0,0.0,0,0,0,0,0,0,0,0,0,0.0
156,runs\cem\day_0156,60.0,653,Fil,reduced,13.41,0.0,0.0,0.0,0.0,0,25.14,0.0,0.0,0.0,0.0,0,14.3,0.0,0.83,0.0,0.0,0,17.01,0.01,0.0,0.0,0.0,0,13.51,1.29,0.0,0.0,0.0,0,31.79,0.0,0.83,0.0,0.0,0,4.0,0.83,1.0,106.0,115.0,0.0,0.0,0.0,0.0,0.0,0,1,0,0,0,0,0,0,0,0.004666666666666667
157,runs\cem\day_0157,60.0,683,Fil,reduced,21.5,0.0,0.12,0.0,0.0,0,3.48,46.59,0.0,0.0,0.0,0,23.78,0.0,0.12,0.0,0.0,0,9.16,0.2,0.0,0.0,0.0,0,10.28,0.0,0.0,0.0,0.0,0,47.19,0.0,0.0,0.0,0.0,0,1.0,0.0,0.0,300.0,75.0,0.0,0.0,1.0,0.0,0.0,0,10,0,0,0,0,0,0,0,0.0006666666666666666
158,runs\cem\day_0158,60.0,649,Fil,reduced,24.55,0.0,0.0,0.0,0.0,0,14.31,27.95,0.0,0.0,0.0,0,11.86,33.95,0.0,0.0,0.0,0,37.99,0.0,0.0,0.0,0.0,0,27.78,0.0,0.0,0.0,0.0,0,27.12,0.0,0.0,0.0,0.0,0,0.0,0.0,0.0,32.0,148.0,0.0,0.0,0.0,0.0,0.0,0,3,0,0,0,0,0,0,0,0.0
159,runs\cem\day_0159,60.0,658,Fil,reduced,39.85,0.0,0.0,0.0,0.0,0,6.13,0.0,0.38,0.0,0.0,0,21.99,0.17,0.0,0.0,0.0,0,25.37,1.33,0.0,0.0,0.0,0,24.63,0.0,0.0,0.0,0.0,0,11.11,0.0,0.38,0.0,0.0,0,1.0,0.38,1.0,70.0,144.0,0.0,0.0,1.0,0.0,0.0,0,1,0,0,0,0,0,0,0,0.002
160,runs\cem\day_0160,60.0,641,Fil,reduced,20.71,0.0,0.26,0.0,0.0,0,26.16,0.0,0.87,0.0,0.0,0,20.05,26.69,0.8,0.0,0.0,0,18.96,0.0,0.0,0.0,0.0,0,58.66,0.14,0.0,0.0,0.0,0,20.75,0.0,0.0,20.0,15.87,1,4.0,0.0,0.0,29.0,118.0,1.0,1.0,0.0,1.0,20.0,0,1,0,0,0,0,0,0,0,0.005333333333333333
161,runs\cem\day_0161,60.0,7270,Fil,reduced,22.99,1.6,4.14,0.0,0.0,0,20.66,0.0,0.0,0.0,0.0,0,7.54,0.0,0.0,0.0,0.0,0,24.38,0.2,0.0,0.0,0.0,0,34.58,0.0,4.13,0.0,0.0,0,55.99,0.0,0.01,0.0,0.0,0,2.0,4.14,2.0,66.0,145.0,0.0,0.0,1.0,0.0,0.0,0,2,0,0,0,0,0,0,0,0.023000000000000003
162,runs\cem\day_0162,60.0,689,Fil,reduced,7.01,54.23,0.12,0.0,0.0,0,14.27,0.0,0.0,0.0,0.0,0,4.79,0.0,0.0,0.0,0.0,0,9.01,0.0,0.0,0.0,0.0,0,10.97,0.0,0.12,0.0,0.0,0,33.66,0.0,0.0,0.0,0.0,2,1.0,0.12,1.0,18.0,65.0,2.0,0.0,0.0,0.0,0.0,0,4,0,0,0,0,0,0,0,0.0006666666666666666
163,runs\cem\day_0163,60.0,675,Fil,reduced,35.9,0.0,0.39,0.0,0.0,0,19.51,0.42,0.27,0.0,0.0,0,16.94,0.04,0.0,0.0,0.0,0,20.94,0.0,0.0,0.0,0.0,0,23.49,0.59,0.12,0.0,0.0,0,10.66,0.0,0.0,0.0,0.0,0,2.0,0.12,1.0,2.0,126.0,0.0,0.0,1.0,0.0,0.0,0,2,0,0,0,0,0,0,0,0.0023333333333333335
164,runs\cem\day_0164,60.0,699,Fil,reduced,27.03,0.0,0.0,0.0,0.0,0,9.42,0.0,1.21,0.0,0.0,0,8.46,0.0,0.0,0.0,0.0,0,32.83,0.0,0.0,0.0,0.0,0,30.45,0.0,0.0,0.0,0.0,0,36.23,0.0,1.21,0.0,0.0,0,3.0,1.21,1.0,5.0,119.0,0.0,0.0,0.0,0.0,0.0,0,0,0,0,0,0,0,0,0,0.006666666666666667
165,runs\cem\day_0165,60.0,628,Fil,reduced,4.07,2.73,0.0,0.0,0.0,0,1.98,31.38,0.0,0.0,0.0,0,6.81,0.0,0.0,0.0,0.0,0,119.24,0.0,0.42,0.0,34.08,0,6.54,0.69,0.0,0.0,0.0,0,48.62,0.0,0.42,0.0,0.0,0,1.0,0.0,0.0,5.0,340.0,0.0,1.0,2.0,1.0,0.0,0,2,0,0,0,2,0,0,0,0.0023333333333333335
166,runs\cem\day_0166,60.0,664,Fil,reduced,26.43,1.8,3.95,0.0,0.0,0,3.92,0.0,0.0,0.0,0.0,0,22.04,0.0,4.08,0.0,2.14,0,25.7,0.17,4.08,0.0,0.0,0,20.72,0.0,3.95,0.0,0.0,0,10.16,0.0,0.0,0.0,0.0,0,2.0,8.03,2.0,105.0,136.0,0.0,1.0,1.0,1.0,0.0,0,1,0,0,0,0,0,0,0,0.04466666666666667
167,runs\cem\day_0167,60.0,682,Fil,reduced,1.42,0.0,0.0,0.0,0.0,0,4.2,0.0,0.0,0.0,0.0,0,11.34,2.13,0.0,0.0,0.0,0,26.57,0.0,0.0,0.0,0.0,0,3.74,0.0,0.0,0.0,0.0,0,35.41,0.0,0.0,0.0,0.0,0,0.0,0.0,0.0,5.0,56.0,0.0,0.0,0.0,0.0,0.0,0,0,0,0,0,0,0,0,0,0.0
168,runs\cem\day_0168,60.0,766,Fil,reduced,5.97,0.0,0.2,0.0,0.0,0,8.23,0.0,0.0,0.0,0.0,0,9.15,0.0,0.0,0.0,0.0,0,29.54,0.0,0.0,0.0,3.59,0,111.48,0.0,0.04,0.0,32.15,0,28.87,0.0,0.24,0.0,0.0,2,2.0,0.2,1.0,43.0,276.0,2.0,2.0,1.0,5.0,0.0,0,0,0,0,0,2,0,1,0,0.0013333333333333333
169,runs\cem\day_0169,60.0,1254,Fil,reduced,0.0,59.93,0.0,0.0,0.0,0,26.93,0.0,0.0,0.0,2.16,0,12.41,0.0,0.01,0.0,0.0,0,9.72,0.0,0.0,0.0,0.0,0,17.1,0.0,0.01,0.0,0.0,0,34.24,0.0,0.0,0.0,0.0,0,1.0,0.01,1.0,94.0,100.0,0.0,1.0,0.0,1.0,0.0,0,4,0,0,0,0,0,0,0,0.0
170,runs\cem\day_0170,60.0,814,Fil,reduced,31.26,0.0,0.0,0.0,0.0,0,1.09,59.75,0.0,0.0,0.0,0,20.37,0.0,0.0,0.0,0.0,0,41.76,0.06,0.0,0.0,0.0,0,32.51,0.0,0.0,0.0,0.0,0,22.52,0.0,0.0,0.0,0.0,0,0.0,0.0,0.0,96.0,150.0,0.0,0.0,0.0,0.0,0.0,0,8,1,0,0,0,0,0,0,0.0
171,runs\cem\day_0171,60.0,681,Fil,reduced,111.23,0.0,0.0,0.0,31.49,0,12.94,0.0,0.0,0.0,0.0,0,1.78,39.95,0.0,0.0,0.0,0,13.5,0.0,0.0,0.0,0.0,0,57.48,0.0,0.0,0.0,30.75,0,19.5,0.0,0.0,0.0,0.0,0,0.0,0.0,0.0,40.0,366.0,0.0,2.0,1.0,3.0,0.0,0,0,0,0,0,2,0,0,0,0.0
172,runs\cem\day_0172,60.0,521,Fil,reduced,3.42,0.0,0.0,0.0,0.0,0,12.97,16.59,0.0,0.0,0.0,0,18.1,0.0,0.0,0.0,0.0,0,23.45,0.0,0.0,0.0,48.03,0,15.61,0.0,0.04,0.0,0.0,0,19.72,0.0,0.04,0.0,0.0,0,1.0,0.0,0.0,2.0,82.0,0.0,1.0,0.0,0.0,0.0,0,0,0,0,0,0,0,0,0,0.0003333333333333333
173,runs\cem\day_0173,60.0,542,Fil,reduced,11.43,0.0,0.0,0.0,0.0,0,6.49,0.0,0.0,0.0,0.0,0,3.24,59.3,0.14,0.0,0.0,0,19.79,0.0,0.14,0.0,0.0,0,33.21,0.0,0.0,0.0,42.24,0,25.17,0.0,0.0,0.0,0.0,0,1.0,0.14,1.0,6.0,108.0,0.0,1.0,0.0,0.0,0.0,0,3,0,0,0,0,0,0,0,0.0006666666666666666
174,runs\cem\day_0174,60.0,597,Fil,reduced,20.62,0.75,0.0,0.0,0.0,0,3.2,0.0,0.0,0.0,0.0,0,12.74,0.0,0.0,0.0,0.0,0,91.56,4.16,11.87,0.0,33.69,0,28.41,6.58,11.87,0.0,0.0,0,14.62,0.0,0.0,0.0,0.0,0,2.0,0.0,0.0,66.0,225.0,0.0,1.0,0.0,1.0,0.0,0,3,0,0,0,1,0,1,0,0.066
175,runs\cem\day_0175,60.0,679,Fil,reduced,7.26,0.0,0.0,0.0,0.0,0,11.8,3.05,0.0,0.0,0.0,0,24.67,0.26,0.69,0.0,0.0,0,23.76,0.24,0.0,0.0,0.0,0,30.85,0.0,0.69,0.0,0.0,0,17.9,0.0,0.0,0.0,0.0,1,1.0,0.69,1.0,24.0,107.0,1.0,0.0,2.0,0.0,0.0,0,1,0,0,0,0,0,0,0,0.004
176,runs\cem\day_0176,60.0,722,Fil,reduced,6.45,0.0,0.0,0.0,0.0,0,18.92,44.52,0.0,0.0,0.0,0,4.6,0.0,0.0,0.0,0.0,0,7.34,0.0,0.0,0.0,0.0,0,30.75,0.0,0.0,0.0,0.0,0,22.94,0.0,0.0,0.0,0.0,0,0.0,0.0,0.0,0.0,83.0,0.0,0.0,0.0,0.0,0.0,0,9,0,0,0,0,0,0,0,0.0
177,runs\cem\day_0177,60.0,619,Fil,reduced,20.56,0.0,0.01,0.0,0.0,0,9.4,13.34,0.01,0.0,0.0,0,0.0,59.94,0.0,0.0,0.0,0,23.81,1.59,0.14,0.0,0.0,0,109.15,0.0,0.14,0.0,34.19,0,60.39,0.0,0.0,7.0,0.0,0,2.0,0.0,0.0,27.0,381.0,0.0,1.0,1.0,1.0,7.0,0,3,0,0,0,0,0,0,0,0.0006666666666666666
200,runs\cem\day_0200,30.0,405,,reduced,14.58,29.98,0.0,0.0,0.0,0,9.5,0.0,0.0,0.0,0.0,0,33.66,3.08,0.0,0.0,0.0,0,9.88,0.0,0.0,0.0,0.0,0,42.5,0.0,0.0,0.0,0.0,0,22.96,0.0,0.0,0.0,0.0,0,0.0,0.0,0.0,2.0,120.0,0.0,0.0,0.0,0.0,0.0,0,0,0,0,0,0,0,0,0,0.0
201,runs\cem\day_0201,30.0,315,,reduced,12.6,0.0,0.0,0.0,0.0,0,0.9,0.0,0.0,0.0,0.0,0,1.14,55.56,0.0,0.0,0.0,0,14.56,8.74,0.0,0.0,0.0,0,16.08,0.0,0.0,0.0,0.0,0,59.16,0.0,0.0,0.0,4.08,0,0.0,0.0,0.0,346.0,150.0,0.0,2.0,0.0,4.0,0.0,0,2,1,0,0,0,0,0,0,0.0
202,runs\cem\day_0202,30.0,342,,reduced,9.2,30.42,37.86,0.0,0.0,0,28.48,0.64,0.0,0.0,0.0,0,14.1,11.96,37.86,0.0,0.0,0,19.46,0.0,0.0,0.0,0.0,0,19.1,0.0,0.0,0.0,0.0,0,26.06,0.08,0.0,0.0,0.0,0,2.0,0.0,0.0,10.0,138.0,0.0,0.0,0.0,0.0,0.0,0,1,0,0,0,0,0,0,0,0.21033333333333334
203,runs\cem\day_0203,30.0,337,,reduced,6.66,0.0,0.0,0.0,0.0,0,4.42,0.0,0.0,0.0,0.0,0,13.64,0.0,0.0,0.0,0.0,0,9.56,2.14,0.0,0.0,0.0,0,63.22,0.0,0.0,0.0,0.0,0,15.4,0.0,0.0,0.0,0.0,0,0.0,0.0,0.0,78.0,124.0,0.0,0.0,0.0,0.0,0.0,0,4,0,0,0,0,0,0,0,0.0
204,runs\cem\day_0204,30.0,362,,reduced,11.78,0.0,0.0,0.0,0.0,0,16.92,0.0,0.0,0.0,0.0,0,6.24,27.16,0.0,0.0,0.0,0,21.28,0.0,0.0,0.0,0.0,0,13.08,0.0,0.0,0.0,0.0,0,30.02,0.0,0.0,0.0,0.0,0,0.0,0.0,0.0,82.0,120.0,0.0,0.0,0.0,0.0,0.0,0,1,0,0,0,0,0,0,0,0.0
205,runs\cem\day_0205,30.0,376,,reduced,5.48,0.14,0.12,0.0,0.0,0,51.94,0.0,0.0,0.0,0.0,0,24.42,0.12,0.0,0.0,0.0,0,37.08,3.26,0.12,0.0,0.0,0,17.86,1.68,0.0,0.0,0.0,0,34.58,0.0,0.0,0.0,0.0,0,2.0,0.12,2.0,202.0,262.0,0.0,0.0,4.0,2.0,0.0,0,1,0,0,0,0,0,0,0,0.0006666666666666666
206,runs\cem\day_0206,30.0,349,,reduced,25.92,2.84,0.0,0.0,0.0,0,17.72,0.0,14.24,0.0,0.0,0,2.88,0.0,0.0,0.0,0.0,0,39.36,0.06,14.24,0.0,0.0,0,10.84,0.0,0.0,0.0,0.0,0,38.6,0.0,0.0,0.0,0.0,0,2.0,14.24,2.0,0.0,166.0,0.0,0.0,0.0,0.0,0.0,0,0,0,0,0,0,0,0,0,0.079
207,runs\cem\day_0207,30.0,350,,reduced,3.52,5.5,6.16,0.0,0.0,0,1.28,30.76,0.0,0.0,0.0,0,5.46,2.7,0.0,0.0,0.0,0,73.34,0.0,0.0,0.0,0.0,0,38.18,0.0,0.0,0.0,0.0,0,6.58,0.0,6.16,0.0,0.0,0,2.0,6.16,2.0,64.0,156.0,0.0,0.0,0.0,4.0,0.0,0,0,0,0,0,0,0,0,0,0.034333333333333334
208,runs\cem\day_0208,30.0,352,,reduced,37.02,3.0,0.0,0.0,0.0,0,29.36,0.0,0.0,0.0,0.0,0,12.38,0.0,0.0,0.0,0.0,0,34.12,0.0,0.0,0.0,0.0,0,10.7,0.0,0.0,0.0,0.0,0,8.58,0.0,0.0,0.0,0.0,0,0.0,0.0,0.0,0.0,126.0,0.0,0.0,0.0,0.0,0.0,0,1,0,0,0,0,0,0,0,0.0
209,runs\cem\day_0209,30.0,355,,reduced,17.16,0.0,0.0,0.0,0.0,0,10.6,0.0,0.0,0.0,0.0,0,10.74,0.0,0.0,0.0,0.0,0,32.46,4.46,3.92,0.0,0.0,0,27.84,0.0,3.92,0.0,0.0,0,67.4,0.28,0.0,0.0,0.0,0,2.0,0.0,0.0,144.0,196.0,0.0,0.0,2.0,0.0,0.0,0,2,0,0,0,0,0,0,0,0.021666666666666667
210,runs\cem\day_0210,30.0,338,,reduced,8.66,0.0,0.18,0.0,0.0,0,1.18,0.0,0.0,0.0,0.0,0,2.16,59.02,0.0,0.0,0.0,0,56.36,0.0,0.0,0.0,4.82,0,6.8,0.0,0.0,0.0,0.0,0,18.56,1.5,0.18,0.0,0.0,0,2.0,0.18,2.0,22.0,134.0,0.0,2.0,0.0,4.0,0.0,0,5,1,0,0,0,0,0,0,0.001
211,runs\cem\day_0211,30.0,364,,reduced,13.54,0.0,0.0,0.0,0.0,0,16.6,20.32,0.0,0.0,0.0,0,2.58,0.0,0.0,0.0,0.0,0,18.76,2.2,0.0,0.0,0.0,0,23.84,0.0,0.0,0.0,0.0,0,37.94,0.0,0.0,0.0,0.0,0,0.0,0.0,0.0,14.0,146.0,0.0,0.0,0.0,0.0,0.0,0,1,1,0,0,0,0,0,0,0.0
212,runs\cem\day_0212,30.0,369,,reduced,33.28,0.0,0.0,0.0,0.0,0,7.54,31.54,0.34,0.0,0.0,0,7.16,0.0,0.0,0.0,0.0,0,18.36,0.0,0.0,0.0,0.0,0,26.74,0.0,0.0,0.0,0.0,0,20.82,0.34,0.34,0.0,0.0,0,2.0,0.34,2.0,0.0,138.0,0.0,0.0,2.0,0.0,0.0,0,4,0,0,0,0,0,0,0,0.002
213,runs\cem\day_0213,30.0,358,,reduced,4.12,6.84,0.0,0.0,0.0,0,7.46,0.0,1.48,0.0,0.0,0,18.64,0.0,0.0,0.0,0.0,0,99.08,0.0,1.48,0.0,11.94,0,13.8,0.7,0.0,0.0,0.0,0,21.8,0.0,0.0,0.0,0.0,0,2.0,1.48,2.0,6.0,212.0,0.0,2.0,0.0,2.0,0.0,0,2,0,0,0,1,0,0,0,0.008333333333333333
214,runs\cem\day_0214,30.0,358,,reduced,9.52,0.0,0.0,0.0,0.0,0,46.68,0.0,0.0,0.0,0.0,0,4.62,25.24,0.0,0.0,0.0,0,15.02,0.0,0.0,0.0,0.0,0,19.6,0.0,0.0,0.0,0.0,0,45.0,1.36,0.0,0.0,0.0,0,0.0,0.0,0.0,6.0,148.0,0.0,0.0,0.0,0.0,0.0,0,2,0,0,0,0,0,0,0,0.0
215,runs\cem\day_0215,30.0,362,,reduced,10.04,0.0,0.12,0.0,0.0,0,8.06,27.84,0.12,0.0,0.0,0,40.3,1.98,0.0,0.0,0.0,0,17.12,0.0,0.0,0.0,0.0,0,27.28,0.0,0.0,0.0,0.0,0,12.5,0.66,0.0,0.0,0.0,0,2.0,0.0,0.0,42.0,132.0,0.0,0.0,0.0,0.0,0.0,0,4,0,0,0,0,0,0,0,0.0006666666666666666
216,runs\cem\day_0216,30.0,355,,reduced,34.0,4.7,0.34,0.0,0.0,0,6.78,0.0,0.0,0.0,0.0,0,8.64,58.78,0.34,0.0,0.0,0,33.6,4.74,0.0,0.0,0.0,0,17.96,0.0,0.0,0.0,0.0,0,35.0,0.0,0.0,0.0,26.8,0,4.0,0.0,0.0,70.0,196.0,0.0,2.0,0.0,0.0,0.0,0,4,1,0,0,0,0,1,0,0.002
217,runs\cem\day_0217,30.0,347,,reduced,6.82,0.0,0.0,0.0,0.0,0,50.0,0.0,0.0,0.0,0.0,0,7.14,0.0,0.4,0.0,0.0,0,21.48,0.0,0.4,0.0,0.0,0,29.04,0.02,0.0,0.0,0.0,0,21.2,0.0,0.0,0.0,0.0,0,4.0,0.4,2.0,150.0,188.0,0.0,0.0,0.0,0.0,0.0,0,0,0,0,0,0,0,0,0,0.0023333333333333335
218,runs\cem\day_0218,30.0,364,,reduced,28.52,0.0,4.02,0.0,0.0,0,29.84,0.0,0.14,0.0,0.0,0,16.18,48.28,3.98,0.0,0.0,0,46.68,0.0,0.12,0.0,0.0,0,14.82,0.14,0.0,0.0,0.0,0,20.94,1.48,0.0,0.0,0.0,0,6.0,0.12,2.0,20.0,190.0,0.0,0.0,0.0,0.0,0.0,0,2,1,0,0,0,0,0,0,0.023000000000000003
219,runs\cem\day_0219,30.0,357,,reduced,5.1,0.0,0.0,0.0,0.0,0,1.24,0.0,0.0,0.0,0.0,0,4.34,0.0,10.22,0.0,0.0,0,0.94,2.04,0.0,0.0,0.0,0,14.66,0.0,10.22,0.0,0.0,0,23.66,0.0,0.0,0.0,0.0,0,2.0,10.22,2.0,6.0,38.0,0.0,0.0,0.0,0.0,0.0,0,3,0,0,0,0,0,0,0,0.05666666666666667
220,runs\cem\day_0220,30.0,6980,,reduced,6.66,28.38,28.74,0.0,0.0,0,10.28,0.0,0.0,0.0,0.0,0,26.9,0.0,28.74,0.0,0.0,0,10.96,0.0,0.0,0.0,0.0,0,21.78,9.12,0.0,0.0,0.0,0,27.64,0.24,0.0,0.0,0.0,0,2.0,0.0,0.0,254.0,124.0,0.0,0.0,0.0,0.0,0.0,0,3,0,0,0,0,0,0,0,0.15966666666666665
221,runs\cem\day_0221,30.0,352,,reduced,13.38,0.0,0.14,0.0,0.0,0,7.68,0.0,0.0,0.0,0.0,0,28.7,5.28,0.0,0.0,0.0,0,42.08,4.46,0.0,0.0,0.0,0,31.68,0.12,0.0,0.0,0.0,0,24.1,0.0,0.14,0.0,0.0,0,2.0,0.14,2.0,142.0,226.0,0.0,0.0,0.0,0.0,0.0,0,0,0,0,0,0,0,0,0,0.001
222,runs\cem\day_0222,30.0,373,,reduced,0.28,54.1,0.0,0.0,0.0,0,14.96,0.0,0.0,0.0,0.0,0,54.62,0.0,0.0,0.0,0.0,0,14.76,0.0,0.0,0.0,0.0,0,8.62,0.0,0.0,0.0,0.0,0,15.28,0.0,0.0,0.0,0.0,0,0.0,0.0,0.0,294.0,132.0,0.0,0.0,0.0,0.0,0.0,0,0,0,0,0,0,0,0,0,0.0
223,runs\cem\day_0223,30.0,405,,reduced,2.54,0.0,0.0,0.0,0.0,0,38.72,0.0,0.54,0.0,0.0,0,1.06,59.68,0.0,0.0,0.0,0,14.22,0.0,0.0,0.0,0.0,0,10.74,0.0,0.0,0.0,0.0,0,61.02,0.0,0.54,0.0,9.48,0,2.0,0.54,2.0,178.0,184.0,0.0,2.0,2.0,2.0,0.0,0,0,0,0,0,0,0,0,0,0.0029999999999999996
224,runs\cem\day_0224,30.0,355,,reduced,0.9,0.0,0.0,0.0,0.0,0,10.02,0.0,0.0,0.0,0.0,0,29.2,2.24,0.0,0.0,0.0,0,4.6,0.0,0.0,0.0,0.0,0,19.3,0.0,0.0,0.0,0.0,0,23.88,0.48,0.0,0.0,0.0,0,0.0,0.0,0.0,0.0,104.0,0.0,0.0,0.0,0.0,0.0,0,2,0,0,0,0,0,0,0,0.0
225,runs\cem\day_0225,30.0,384,,reduced,6.88,22.92,0.0,0.0,0.0,0,39.72,0.0,0.0,0.0,0.0,0,1.2,0.0,0.0,0.0,0.0,0,48.04,0.0,4.08,0.0,0.0,0,21.36,0.0,0.0,0.0,0.0,0,41.82,0.02,4.08,0.0,0.0,0,2.0,0.0,0.0,118.0,178.0,0.0,0.0,0.0,0.0,0.0,0,3,0,0,0,0,0,0,0,0.02266666666666667
226,runs\cem\day_0226,30.0,366,,reduced,8.8,0.0,6.96,0.0,0.0,0,0.0,59.86,0.0,0.0,0.0,0,5.54,0.0,0.0,0.0,0.0,0,80.68,0.0,6.96,0.0,3.12,0,16.4,0.14,0.0,0.0,0.0,0,32.18,0.0,0.0,0.0,0.0,0,2.0,6.96,2.0,82.0,174.0,0.0,2.0,0.0,4.0,0.0,0,3,0,0,0,0,0,0,0,0.03866666666666667
227,runs\cem\day_0227,30.0,340,,reduced,15.56,0.0,0.02,0.0,0.0,0,5.36,0.0,0.0,0.0,0.0,0,12.3,8.38,0.0,0.0,0.0,0,21.18,0.0,0.0,0.0,0.0,0,23.74,3.06,0.0,0.0,0.0,0,52.2,0.0,0.02,0.0,0.0,0,2.0,0.02,2.0,86.0,166.0,0.0,0.0,2.0,0.0,0.0,0,1,0,0,0,0,0,0,0,0.0003333333333333333
228,runs\cem\day_0228,30.0,371,,reduced,2.46,24.24,0.0,0.0,0.0,0,29.42,0.0,0.0,0.0,0.0,0,4.92,30.84,0.0,0.0,0.0,0,7.78,0.0,0.0,0.0,0.0,0,21.02,0.0,0.0,0.0,0.0,0,14.44,0.0,0.0,0.0,0.0,0,0.0,0.0,0.0,40.0,98.0,0.0,0.0,2.0,2.0,0.0,0,2,0,0,0,0,0,0,0,0.0
229,runs\cem\day_0229,30.0,353,,reduced,9.86,0.0,0.18,0.0,0.0,0,13.2,0.0,0.0,0.0,0.0,0,10.34,0.0,0.0,0.0,0.0,0,62.32,0.12,0.18,0.0,0.0,0,39.84,0.0,0.0,0.0,0.0,0,18.92,0.0,0.0,0.0,0.0,0,2.0,0.18,2.0,170.0,198.0,0.0,0.0,0.0,2.0,0.0,0,0,0,0,0,0,0,0,0,0.001
230,runs\cem\day_0230,30.0,379,,reduced,44.8,2.9,0.0,0.0,0.0,0,0.0,59.7,0.0,0.0,0.0,0,7.08,0.0,0.72,0.0,0.0,0,51.96,0.0,0.12,0.0,9.78,0,11.5,0.0,0.72,0.0,0.0,0,58.44,0.0,0.12,0.0,3.8,0,6.0,0.72,2.0,166.0,252.0,0.0,4.0,0.0,2.0,0.0,0,1,1,0,0,0,0,0,0,0.004666666666666667
231,runs\cem\day_0231,30.0,393,,reduced,1.9,59.86,0.0,0.0,0.0,0,12.6,0.0,0.0,0.0,0.0,0,38.16,2.84,0.0,0.0,0.0,0,26.44,0.0,0.0,0.0,0.0,0,11.14,0.0,0.0,0.0,0.0,0,27.56,0.0,0.0,0.0,0.0,0,0.0,0.0,0.0,410.0,156.0,0.0,0.0,0.0,0.0,0.0,0,1,0,0,0,0,0,0,0,0.0
232,runs\cem\day_0232,30.0,390,,reduced,9.08,0.0,0.0,0.0,0.0,0,1.34,0.0,0.0,0.0,0.0,0,18.5,0.0,0.0,0.0,0.0,0,22.48,0.0,0.08,0.0,0.0,0,17.06,0.0,0.08,0.0,0.0,0,37.3,11.82,0.0,0.0,0.0,0,2.0,0.0,0.0,272.0,140.0,0.0,0.0,0.0,0.0,0.0,0,3,0,0,0,0,0,0,0,0.0006666666666666666
233,runs\cem\day_0233,30.0,447,,reduced,46.02,0.3,0.0,0.0,0.0,0,11.08,27.96,0.0,0.0,0.0,0,2.24,0.0,0.0,0.0,0.0,0,39.82,0.0,0.0,0.0,0.0,0,19.62,0.0,0.0,0.0,0.0,0,22.02,0.0,0.0,0.0,0.0,0,0.0,0.0,0.0,144.0,218.0,0.0,0.0,0.0,0.0,0.0,0,1,1,0,0,0,0,0,0,0.0
234,runs\cem\day_0234,30.0,815,,reduced,3.72,0.0,0.0,0.0,0.0,0,16.8,0.0,9.02,0.0,0.0,0,4.56,0.0,9.02,0.0,0.0,0,11.64,0.0,0.0,0.0,0.0,0,31.3,0.0,0.0,0.0,0.0,0,72.44,0.0,0.0,0.0,4.8,0,2.0,0.0,0.0,48.0,178.0,0.0,2.0,0.0,2.0,0.0,0,0,0,0,0,0,0,0,0,0.049999999999999996
235,runs\cem\day_0235,30.0,533,,reduced,3.3,33.88,0.0,0.0,0.0,0,14.74,0.0,0.0,0.0,0.0,0,38.76,0.0,0.0,0.0,0.0,0,36.24,0.0,0.0,0.0,0.0,0,16.0,0.0,0.0,0.0,0.0,0,21.02,0.0,0.0,0.0,0.0,0,0.0,0.0,0.0,42.0,170.0,0.0,0.0,2.0,0.0,0.0,0,0,0,0,0,0,0,0,0,0.0
236,runs\cem\day_0236,30.0,417,,reduced,5.24,8.58,0.0,0.0,0.0,0,36.92,0.0,0.0,0.0,0.0,0,11.8,8.1,0.0,0.0,0.0,0,14.0,0.0,0.0,0.0,0.0,0,46.88,0.0,0.0,0.0,0.0,0,47.94,0.0,0.0,0.0,0.0,0,0.0,0.0,0.0,4.0,222.0,0.0,0.0,0.0,0.0,0.0,0,0,0,0,0,0,0,0,0,0.0
237,runs\cem\day_0237,30.0,430,,reduced,34.52,0.0,0.0,0.0,0.0,0,8.82,0.0,0.2,0.0,0.0,0,6.8,33.42,0.0,0.0,0.0,0,20.5,7.26,0.2,0.0,0.0,0,25.88,0.0,0.0,0.0,0.0,0,67.0,0.0,0.0,0.0,16.2,0,2.0,0.2,2.0,224.0,248.0,0.0,2.0,0.0,2.0,0.0,0,4,0,0,0,1,0,1,0,0.0013333333333333333
238,runs\cem\day_0238,30.0,396,,reduced,6.48,55.68,0.02,0.0,0.0,0,16.96,0.0,0.0,0.0,0.0,0,39.92,0.0,0.0,0.0,0.0,0,20.58,0.0,0.0,0.0,0.0,0,25.52,0.2,0.0,0.0,0.0,0,72.08,1.18,0.02,0.0,0.0,0,2.0,0.02,2.0,34.0,238.0,0.0,0.0,0.0,0.0,0.0,0,0,0,0,0,0,0,0,0,0.0003333333333333333
239,runs\cem\day_0239,30.0,360,,reduced,73.44,1.78,0.0,0.0,0.0,0,17.5,0.0,0.0,0.0,0.0,0,0.3,0.0,0.0,0.0,0.0,0,83.42,0.0,0.0,0.0,12.72,0,4.0,0.0,0.0,0.0,0.0,0,0.6,0.0,0.0,0.0,0.0,0,0.0,0.0,0.0,216.0,240.0,0.0,2.0,0.0,2.0,0.0,0,0,0,0,0,1,0,0,0,0.0
240,runs\cem\day_0240,30.0,357,,reduced,3.36,0.0,0.0,0.0,0.0,0,44.04,0.0,0.2,0.0,0.0,0,1.5,0.0,0.0,0.0,0.0,0,51.54,0.28,0.2,0.0,0.0,0,18.88,0.0,0.0,0.0,0.0,0,14.3,0.0,0.0,0.0,0.0,0,4.0,0.2,2.0,44.0,158.0,0.0,0.0,0.0,0.0,0.0,0,0,0,0,0,0,0,0,0,0.0013333333333333333
241,runs\cem\day_0241,30.0,332,,reduced,2.24,0.0,0.0,0.0,0.0,0,41.72,0.0,0.0,0.0,0.0,0,4.1,0.0,0.0,0.0,0.0,0,9.9,0.0,0.0,0.0,0.0,0,26.9,0.0,0.0,0.0,0.0,0,17.72,0.18,0.0,0.0,0.0,0,0.0,0.0,0.0,14.0,132.0,0.0,0.0,0.0,0.0,0.0,0,0,0,0,0,0,0,0,0,0.0
242,runs\cem\day_0242,30.0,328,,reduced,3.74,0.0,0.0,0.0,0.0,0,2.42,19.08,11.9,0.0,0.0,0,9.44,0.0,0.0,0.0,0.0,0,19.0,0.0,0.0,0.0,0.0,0,31.2,0.0,0.0,0.0,0.0,0,16.34,0.0,11.9,0.0,0.0,0,2.0,11.9,2.0,10.0,78.0,0.0,0.0,0.0,0.0,0.0,0,0,0,0,0,0,0,0,0,0.066
243,runs\cem\day_0243,30.0,387,,reduced,16.88,0.0,0.0,0.0,0.0,0,11.64,0.0,0.0,0.0,0.0,0,19.0,0.0,0.0,0.0,0.0,0,58.62,0.0,0.0,0.0,0.0,0,12.82,0.0,0.0,0.0,0.0,0,37.68,0.14,0.0,0.0,0.0,0,0.0,0.0,0.0,0.0,186.0,0.0,0.0,2.0,0.0,0.0,0,0,0,0,0,0,0,0,0,0.0
244,runs\cem\day_0244,30.0,337,,reduced,8.72,0.0,14.18,0.0,0.0,0,24.88,0.88,0.0,0.0,0.0,0,2.44,0.0,0.0,0.0,0.0,0,15.3,0.0,0.0,0.0,0.0,0,11.84,0.0,14.18,0.0,0.0,0,38.9,0.0,0.0,0.0,0.0,0,2.0,14.18,2.0,48.0,124.0,0.0,0.0,0.0,0.0,0.0,0,0,0,0,0,0,0,0,0,0.07866666666666666
245,runs\cem\day_0245,30.0,390,,reduced,15.46,0.0,0.0,0.0,0.0,0,8.92,0.0,0.0,0.0,0.0,0,48.58,0.0,0.3,0.0,0.0,0,54.44,0.3,0.3,0.0,0.0,0,44.34,14.12,0.0,0.0,0.0,0,31.94,1.74,0.0,0.0,0.0,0,2.0,0.3,2.0,88.0,278.0,0.0,0.0,2.0,0.0,0.0,0,1,1,0,0,0,0,0,0,0.0016666666666666668
246,runs\cem\day_0246,30.0,423,,reduced,37.1,0.0,0.0,0.0,0.0,0,11.14,0.0,0.0,0.0,0.0,0,14.26,0.0,0.0,0.0,0.0,0,59.28,0.0,0.0,0.0,3.86,0,33.28,0.0,0.0,0.0,0.0,0,24.98,0.36,0.0,0.0,0.0,0,0.0,0.0,0.0,34.0,266.0,0.0,2.0,2.0,4.0,0.0,0,0,0,0,0,0,0,0,0,0.0
247,runs\cem\day_0247,30.0,385,,reduced,0.74,0.0,0.0,0.0,0.0,0,4.5,0.0,0.0,0.0,0.0,0,0.0,59.86,0.0,0.0,0.0,0,9.38,0.0,0.0,0.0,0.0,0,60.4,0.0,0.0,0.0,1.6,0,7.64,0.0,0.0,0.0,0.0,0,0.0,0.0,0.0,68.0,116.0,0.0,2.0,0.0,4.0,0.0,0,4,0,0,0,0,0,0,0,0.0
248,runs\cem\day_0248,30.0,361,,reduced,17.08,0.0,0.0,0.0,0.0,0,42.78,0.0,0.0,0.0,0.0,0,5.26,0.0,0.42,0.0,0.0,0,41.16,0.12,0.0,0.0,0.0,0,10.3,0.0,0.0,0.0,0.0,0,18.02,0.0,0.42,0.0,0.0,0,2.0,0.42,2.0,12.0,132.0,0.0,0.0,0.0,0.0,0.0,0,0,0,0,0,0,0,0,0,0.0023333333333333335
249,runs\cem\day_0249,30.0,248,,reduced,0.0,59.64,0.0,0.0,0.0,0,1.1,59.82,0.0,0.0,0.0,0,38.54,0.4,0.0,0.0,0.0,0,12.96,0.0,0.0,0.0,0.0,0,41.46,0.0,0.0,0.0,0.0,0,14.86,0.76,0.0,0.0,0.0,0,0.0,0.0,0.0,132.0,132.0,0.0,0.0,2.0,0.0,0.0,0,1,0,0,0,0,0,0,0,0.0
250,runs\cem\day_0250,30.0,397,Fil,reduced,5.54,0.0,0.0,0.0,0.0,0,44.3,1.48,0.0,0.0,0.0,0,10.6,0.0,0.0,0.0,0.0,0,9.8,0.0,0.0,0.0,0.0,0,46.82,0.0,0.0,0.0,0.0,0,22.58,0.0,0.0,0.0,0.0,0,0.0,0.0,0.0,0.0,112.0,0.0,0.0,0.0,0.0,0.0,0,0,0,0,0,0,0,0,0,0.0
251,runs\cem\day_0251,30.0,293,Fil,reduced,5.0,0.0,0.48,0.0,0.0,0,7.74,0.0,0.48,0.0,0.0,0,3.3,0.0,0.0,0.0,0.0,0,5.1,0.0,0.0,0.0,0.0,0,77.34,0.0,0.0,0.0,0.0,0,26.3,0.0,0.0,0.0,0.0,0,2.0,0.0,0.0,6.0,106.0,0.0,0.0,0.0,0.0,0.0,0,0,0,0,0,0,0,0,0,0.0026666666666666666
252,runs\cem\day_0252,30.0,342,Fil,reduced,11.1,21.12,0.58,0.0,0.0,0,73.56,0.0,0.0,0.0,2.66,0,7.38,0.0,0.58,0.0,0.0,0,5.66,0.0,0.06,0.0,0.0,0,14.4,0.0,0.0,0.0,0.0,0,23.76,0.0,0.0,0.0,0.0,0,6.0,0.06,4.0,472.0,176.0,0.0,2.0,0.0,2.0,0.0,0,0,0,0,0,0,0,0,0,0.0035
253,runs\cem\day_0253,30.0,340,Fil,reduced,58.7,0.0,0.0,0.0,2.82,0,1.8,0.0,0.0,0.0,0.0,0,3.5,0.0,0.0,0.0,0.0,0,12.9,0.0,0.0,0.0,0.0,0,7.7,2.24,0.0,0.0,0.0,0,36.98,0.0,0.0,0.0,0.0,0,0.0,0.0,0.0,212.0,120.0,0.0,2.0,2.0,2.0,0.0,0,1,0,0,0,0,0,0,0,0.0
254,runs\cem\day_0254,30.0,358,Fil,reduced,2.24,0.0,0.0,0.0,0.0,0,7.66,0.0,0.66,0.0,0.0,0,7.08,45.3,0.0,0.0,0.0,0,13.74,0.0,0.66,0.0,0.0,0,30.54,0.0,0.0,0.0,0.0,0,55.24,0.0,0.0,0.0,0.0,0,2.0,0.66,2.0,6.0,94.0,0.0,0.0,0.0,0.0,0.0,0,5,0,0,0,0,0,0,0,0.0036666666666666666
255,runs\cem\day_0255,30.0,360,Fil,reduced,10.4,0.0,0.0,0.0,0.0,0,28.44,1.56,0.0,0.0,0.0,0,15.74,0.0,0.0,0.0,0.0,0,44.12,0.18,0.02,0.0,0.0,0,15.18,0.0,0.0,0.0,0.0,0,41.3,0.0,0.02,0.0,0.0,0,2.0,0.0,0.0,74.0,138.0,0.0,0.0,0.0,0.0,0.0,0,0,0,0,0,0,0,0,0,0.0003333333333333333
256,runs\cem\day_0256,30.0,330,Fil,reduced,5.14,0.0,0.0,0.0,0.0,0,9.06,13.88,0.42,0.0,0.0,0,7.42,51.9,0.42,0.0,0.0,0,12.02,0.0,0.0,0.0,0.0,0,76.8,0.14,0.0,0.0,0.0,0,25.82,0.0,0.0,0.0,0.0,0,2.0,0.0,0.0,2.0,90.0,0.0,0.0,0.0,0.0,0.0,0,6,0,0,0,0,0,0,0,0.0023333333333333335
257,runs\cem\day_0257,30.0,344,Fil,reduced,0.0,59.76,0.0,0.0,0.0,0,12.44,0.0,0.0,0.0,0.0,0,11.1,0.94,0.0,0.0,0.0,0,47.04,0.0,0.0,0.0,6.04,0,4.52,0.0,0.0,0.0,0.0,0,39.6,0.0,0.0,0.0,0.0,0,0.0,0.0,0.0,2.0,104.0,0.0,2.0,0.0,2.0,0.0,0,4,0,0,0,0,0,0,0,0.0
258,runs\cem\day_0258,30.0,341,Fil,reduced,2.64,0.0,35.98,0.0,0.0,0,47.32,0.0,0.0,0.0,0.0,0,5.56,0.0,0.0,0.0,0.0,0,18.88,0.0,0.0,0.0,0.0,0,12.52,0.0,35.98,0.0,0.0,0,36.56,0.0,0.0,0.0,0.0,0,2.0,35.98,2.0,12.0,86.0,0.0,0.0,0.0,0.0,0.0,0,0,0,0,0,0,0,0,0,0.19999999999999998
259,runs\cem\day_0259,30.0,333,Fil,reduced,0.0,59.88,0.0,0.0,0.0,0,2.26,0.0,0.0,0.0,0.0,0,5.4,0.0,0.0,0.0,0.0,0,35.3,0.0,0.0,0.0,0.0,0,64.28,0.0,0.0,0.0,2.42,0,23.92,0.0,0.0,0.0,0.0,0,0.0,0.0,0.0,0.0,136.0,0.0,2.0,0.0,4.0,0.0,0,6,0,0,0,0,0,0,0,0.0
260,runs\cem\day_0260,30.0,330,Fil,reduced,6.68,0.0,0.06,0.0,0.0,0,45.04,0.0,0.0,0.0,0.0,0,10.5,0.0,0.06,0.0,0.0,0,39.28,0.88,0.0,0.0,0.0,0,16.48,0.7,0.36,0.0,0.0,0,38.76,0.0,0.36,0.0,0.0,0,4.0,0.0,0.0,66.0,172.0,0.0,0.0,0.0,0.0,0.0,0,0,0,0,0,0,0,0,0,0.0023333333333333335
261,runs\cem\day_0261,30.0,376,Fil,reduced,2.86,0.0,0.0,0.0,0.0,0,2.9,45.48,0.0,0.0,0.0,0,9.62,18.74,0.0,0.0,0.0,0,58.0,0.0,0.0,0.0,1.48,0,11.26,0.0,1.2,0.0,0.0,0,46.9,0.0,1.2,0.0,0.0,0,2.0,0.0,0.0,68.0,124.0,0.0,2.0,0.0,4.0,0.0,0,6,0,0,0,0,0,0,0,0.006666666666666667
262,runs\cem\day_0262,30.0,348,Fil,reduced,16.36,0.0,0.0,0.0,0.0,0,36.14,2.6,0.0,0.0,0.0,0,14.84,0.0,0.0,0.0,0.0,0,36.72,0.0,0.0,0.0,0.0,0,48.22,0.6,0.0,0.0,0.0,0,17.3,0.0,0.0,0.0,0.0,0,0.0,0.0,0.0,20.0,182.0,0.0,0.0,0.0,0.0,0.0,0,1,0,0,0,0,0,0,0,0.0
263,runs\cem\day_0263,30.0,361,Fil,reduced,47.04,0.0,0.0,0.0,0.0,0,13.7,0.0,1.62,0.0,0.0,0,12.16,34.0,0.0,0.0,0.0,0,18.7,0.0,0.0,0.0,0.0,0,14.64,0.0,0.0,0.0,0.0,0,59.74,0.0,1.62,0.0,0.0,0,2.0,1.62,2.0,34.0,162.0,0.0,0.0,2.0,0.0,0.0,0,0,0,0,0,0,0,0,0,0.009
264,runs\cem\day_0264,30.0,336,Fil,reduced,9.86,0.0,5.44,0.0,0.0,0,18.62,0.0,0.0,0.0,0.0,0,3.2,0.0,0.0,0.0,0.0,0,34.92,0.0,0.0,0.0,0.0,0,64.9,0.0,0.0,0.0,0.0,0,44.02,0.0,5.44,0.0,0.0,0,6.0,5.44,2.0,0.0,142.0,0.0,0.0,0.0,0.0,0.0,0,0,0,0,0,0,0,0,0,0.030333333333333334
265,runs\cem\day_0265,30.0,342,Fil,reduced,10.98,0.0,0.0,0.0,0.0,0,47.82,0.0,0.0,0.0,0.0,0,5.56,0.0,0.0,0.0,0.0,0,58.48,0.0,0.0,0.0,11.84,0,32.5,0.0,0.0,0.0,0.0,0,23.48,0.0,0.0,0.0,0.0,0,0.0,0.0,0.0,14.0,216.0,0.0,2.0,0.0,2.0,0.0,0,0,0,0,0,2,1,0,0,0.0
266,runs\cem\day_0266,30.0,330,Fil,reduced,9.52,29.64,0.0,0.0,0.0,0,3.14,0.0,0.0,0.0,0.0,0,17.72,0.0,0.0,0.0,0.0,0,84.64,0.0,0.24,0.0,4.16,0,32.16,0.0,0.24,0.0,0.0,0,52.18,0.0,0.0,0.0,0.0,0,2.0,0.0,0.0,96.0,210.0,0.0,2.0,0.0,4.0,0.0,0,0,0,0,0,2,1,0,0,0.0013333333333333333
267,runs\cem\day_0267,30.0,344,Fil,reduced,0.94,36.46,0.0,0.0,0.0,0,49.26,0.3,0.14,0.0,0.0,0,0.6,0.0,0.0,0.0,0.0,0,42.82,0.0,0.0,0.0,0.0,0,9.74,1.78,0.0,0.0,0.0,0,32.84,0.0,0.14,0.0,0.0,0,2.0,0.14,2.0,0.0,126.0,0.0,0.0,0.0,0.0,0.0,0,6,0,0,0,0,0,0,0,0.001
268,runs\cem\day_0268,30.0,341,Fil,reduced,47.2,0.0,0.0,0.0,0.0,0,3.76,0.0,0.0,0.0,0.0,0,18.34,0.0,1.08,0.0,0.0,0,46.06,0.0,0.0,0.0,2.78,0,20.12,0.0,0.0,0.0,0.0,0,17.72,0.0,1.08,0.0,0.0,0,2.0,1.08,2.0,42.0,204.0,0.0,2.0,0.0,4.0,0.0,0,0,0,0,0,0,0,0,0,0.005999999999999999
269,runs\cem\day_0269,30.0,356,Fil,reduced,1.86,48.72,0.0,0.0,0.0,0,2.98,0.0,0.0,0.0,0.0,0,39.68,0.0,10.02,0.0,0.0,0,14.36,1.48,0.6,0.0,0.0,0,15.04,0.0,0.0,0.0,0.0,0,29.14,0.0,10.62,0.0,0.0,0,10.0,10.02,2.0,82.0,86.0,0.0,0.0,0.0,0.0,0.0,0,2,1,0,0,0,0,0,0,0.059
270,runs\cem\day_0270,30.0,339,Fil,reduced,3.7,0.0,0.0,0.0,0.0,0,5.8,0.0,0.0,0.0,0.0,0,4.34,0.0,0.0,0.0,0.0,0,10.04,1.26,0.0,0.0,0.0,0,19.68,5.0,0.0,0.0,0.0,0,37.9,0.0,0.0,0.0,0.0,1,0.0,0.0,0.0,164.0,76.0,2.0,0.0,2.0,0.0,0.0,0,2,0,0,0,0,0,0,0,0.0
271,runs\cem\day_0271,30.0,6965,Fil,reduced,21.68,0.0,0.0,0.0,0.0,0,5.38,0.0,0.0,0.0,0.0,0,19.74,3.44,0.0,0.0,0.0,0,24.02,0.0,0.0,0.0,0.0,0,12.26,0.0,0.0,0.0,0.0,0,30.06,0.0,0.0,0.0,0.0,1,0.0,0.0,0.0,16.0,104.0,2.0,0.0,2.0,0.0,0.0,0,0,0,0,0,0,0,0,0,0.0
272,runs\cem\day_0272,30.0,372,Fil,reduced,17.56,0.0,0.0,0.0,0.0,0,7.66,8.2,0.02,0.0,0.0,0,5.02,25.6,0.0,0.0,0.0,0,11.14,0.0,0.02,0.0,0.0,0,12.14,0.0,0.0,0.0,0.0,0,29.94,0.0,0.0,0.0,13.8,1,2.0,0.02,2.0,20.0,70.0,2.0,2.0,0.0,2.0,0.0,0,2,1,0,0,0,0,0,0,0.0003333333333333333
273,runs\cem\day_0273,30.0,366,Fil,reduced,49.68,0.0,0.0,0.0,0.0,0,16.98,23.26,0.0,0.0,0.0,0,7.64,0.0,0.0,0.0,0.0,0,8.86,0.0,0.0,0.0,0.0,0,16.2,0.0,0.0,0.0,0.0,0,38.12,0.0,0.0,0.0,0.0,0,0.0,0.0,0.0,44.0,136.0,0.0,0.0,2.0,0.0,0.0,0,3,0,0,0,0,0,0,0,0.0
274,runs\cem\day_0274,30.0,349,Fil,reduced,10.76,0.0,0.0,0.0,0.0,0,12.84,29.02,0.84,0.0,0.0,0,4.9,0.0,0.84,0.0,0.0,0,16.34,0.0,0.0,0.0,0.0,0,49.96,0.0,0.0,0.0,0.0,0,37.74,0.0,0.0,0.0,0.0,0,2.0,0.0,0.0,34.0,108.0,0.0,0.0,0.0,0.0,0.0,0,0,0,0,0,0,0,0,0,0.004666666666666667
275,runs\cem\day_0275,30.0,358,Fil,reduced,26.98,0.3,0.0,0.0,0.0,0,16.06,0.0,1.6,0.0,0.0,0,0.98,51.34,0.0,0.0,0.0,0,12.16,0.0,1.72,0.0,0.0,0,62.96,0.0,1.72,0.0,0.0,0,25.92,0.0,1.6,0.0,0.0,0,4.0,1.6,2.0,74.0,170.0,0.0,0.0,2.0,0.0,0.0,0,2,1,0,0,0,0,0,0,0.018666666666666668
276,runs\cem\day_0276,30.0,393,Fil,reduced,6.7,0.0,0.0,0.0,0.0,0,2.58,0.0,0.0,0.0,0.0,0,55.1,6.1,0.0,0.0,0.0,0,29.26,0.0,0.0,0.0,0.0,0,28.3,0.0,0.0,0.0,0.0,0,20.5,0.0,0.0,0.0,0.0,0,0.0,0.0,0.0,50.0,144.0,0.0,0.0,0.0,0.0,0.0,0,1,0,0,0,0,0,0,0,0.0
277,runs\cem\day_0277,30.0,357,Fil,reduced,5.88,0.0,0.0,0.0,0.0,0,55.4,0.0,0.0,0.0,2.58,0,6.18,0.0,2.16,0.0,0.0,0,9.62,0.64,0.0,0.0,0.0,0,11.2,0.66,0.0,0.0,0.0,0,22.64,0.0,2.16,0.0,0.0,0,2.0,2.16,2.0,4.0,126.0,0.0,2.0,4.0,2.0,0.0,0,1,0,0,0,0,0,0,0,0.011999999999999999
278,runs\cem\day_0278,30.0,327,Fil,reduced,12.58,0.0,0.0,0.0,0.0,0,2.3,59.5,0.0,0.0,0.0,0,22.72,0.0,0.0,0.0,0.0,0,66.52,0.0,0.0,0.0,0.0,0,1.32,0.0,0.0,0.0,0.0,0,39.16,0.0,0.0,0.0,0.0,0,0.0,0.0,0.0,16.0,102.0,0.0,0.0,0.0,0.0,0.0,0,0,0,0,0,0,0,0,0,0.0
279,runs\cem\day_0279,30.0,371,Fil,reduced,11.38,0.0,0.0,0.0,0.0,0,0.0,59.82,0.0,0.0,0.0,0,0.0,59.76,0.0,0.0,0.0,0,62.46,0.08,0.0,0.0,0.0,0,15.14,0.18,0.0,0.0,0.0,0,36.14,0.0,0.0,0.0,0.0,0,0.0,0.0,0.0,20.0,122.0,0.0,0.0,2.0,0.0,0.0,0,2,0,0,0,0,0,0,0,0.0
280,runs\cem\day_0280,30.0,347,Fil,reduced,43.6,0.0,0.0,0.0,0.0,0,5.46,0.0,0.0,0.0,0.0,0,7.68,0.0,0.0,0.0,0.0,0,2.38,2.4,0.0,0.0,0.0,0,1.58,0.0,0.0,0.0,0.0,0,18.7,0.0,0.0,0.0,0.0,0,0.0,0.0,0.0,26.0,60.0,0.0,0.0,0.0,0.0,0.0,0,2,0,0,0,0,0,0,0,0.0
281,runs\cem\day_0281,30.0,379,Fil,reduced,26.56,0.0,1.42,0.0,0.0,0,8.72,0.0,0.0,0.0,0.0,0,12.34,41.14,0.0,0.0,0.0,0,64.96,0.0,0.0,0.0,8.86,0,55.24,1.98,0.0,0.0,0.0,0,40.2,0.0,1.42,0.0,0.0,0,2.0,1.42,2.0,112.0,274.0,0.0,2.0,0.0,2.0,0.0,0,2,0,0,0,2,1,0,0,0.008
282,runs\cem\day_0282,30.0,390,Fil,reduced,5.58,0.0,0.46,0.0,0.0,0,8.66,0.0,0.46,0.0,0.0,0,1.36,0.0,0.0,0.0,0.0,0,16.18,3.68,0.46,0.0,0.0,0,79.6,0.0,0.0,0.0,6.88,0,50.24,0.0,0.46,0.0,0.0,0,4.0,0.0,0.0,152.0,184.0,0.0,2.0,0.0,2.0,0.0,0,2,0,0,0,0,0,0,0,0.005333333333333333
283,runs\cem\day_0283,30.0,376,Fil,reduced,43.8,0.0,0.0,0.0,0.0,0,10.38,22.8,0.48,0.0,0.0,0,7.38,0.0,0.0,0.0,0.0,0,18.9,0.0,0.0,0.0,0.0,0,14.86,0.0,0.28,0.0,0.0,0,43.28,0.0,0.76,0.0,0.0,0,8.0,0.48,2.0,4.0,138.0,0.0,0.0,0.0,0.0,0.0,0,0,0,0,0,0,0,0,0,0.004333333333333334
284,runs\cem\day_0284,30.0,396,Fil,reduced,13.36,13.22,1.48,0.0,0.0,0,14.92,0.7,0.18,0.0,0.0,0,9.18,0.64,1.66,0.0,0.0,0,59.88,0.0,0.0,0.0,0.0,0,8.66,0.0,0.0,0.0,0.0,0,28.54,0.0,0.0,0.0,0.0,2,8.0,0.0,0.0,44.0,142.0,4.0,0.0,0.0,0.0,0.0,0,3,0,0,0,0,0,0,0,0.009333333333333334
285,runs\cem\day_0285,30.0,764,Fil,reduced,17.36,0.0,0.78,0.0,0.0,0,2.64,35.04,0.0,0.0,0.0,0,13.46,34.9,0.0,0.0,0.0,0,81.1,0.0,0.0,0.0,0.0,0,10.26,0.0,0.0,0.0,0.0,0,29.98,0.0,0.78,0.0,0.0,0,4.0,0.78,2.0,96.0,140.0,0.0,0.0,0.0,0.0,0.0,0,1,0,0,0,0,0,0,0,0.004333333333333333
286,runs\cem\day_0286,30.0,503,Fil,reduced,0.14,0.0,4.52,0.0,0.0,0,59.58,0.0,0.0,0.0,0.0,0,1.44,54.12,4.52,0.0,0.0,0,13.42,0.0,0.0,0.0,0.0,0,43.62,0.3,0.0,0.0,0.0,0,22.96,0.0,0.0,0.0,0.0,0,2.0,0.0,0.0,0.0,174.0,0.0,0.0,4.0,0.0,0.0,0,6,0,0,0,0,0,0,0,0.024999999999999998
287,runs\cem\day_0287,30.0,446,Fil,reduced,17.38,11.64,0.0,0.0,0.0,0,0.0,59.86,0.0,0.0,0.0,0,13.86,0.0,0.0,0.0,0.0,0,32.42,1.18,16.08,0.0,0.0,0,21.22,0.0,16.08,0.0,0.0,0,52.4,0.0,0.0,0.0,0.0,0,2.0,0.0,0.0,138.0,148.0,0.0,0.0,0.0,0.0,0.0,0,6,0,0,0,0,0,0,0,0.08933333333333333
288,runs\cem\day_0288,30.0,413,Fil,reduced,8.64,32.02,0.0,0.0,0.0,0,18.44,0.0,0.0,0.0,0.0,0,54.82,0.0,0.0,0.0,0.0,0,41.72,0.0,0.0,0.0,0.0,0,21.88,0.0,0.0,0.0,0.0,0,24.7,0.0,0.0,0.0,0.0,0,0.0,0.0,0.0,34.0,200.0,0.0,0.0,0.0,0.0,0.0,0,0,0,0,0,0,0,0,0,0.0
289,runs\cem\day_0289,30.0,437,Fil,reduced,1.74,13.98,0.0,0.0,0.0,0,14.0,0.0,0.0,0.0,0.0,0,5.84,0.0,0.0,0.0,0.0,0,35.44,0.0,0.0,0.0,0.0,0,10.3,0.0,0.0,0.0,0.0,0,27.32,0.0,0.0,0.0,0.0,1,0.0,0.0,0.0,158.0,80.0,2.0,0.0,2.0,0.0,0.0,0,0,0,0,0,0,0,0,0,0.0
290,runs\cem\day_0290,30.0,370,Fil,reduced,25.18,0.0,0.0,0.0,0.0,0,24.1,36.0,0.0,0.0,0.0,0,5.62,0.0,0.0,0.0,0.0,0,10.22,0.0,0.0,0.0,0.0,0,23.54,0.42,0.0,0.0,0.0,0,37.84,0.0,0.0,0.0,0.0,1,0.0,0.0,0.0,98.0,118.0,2.0,0.0,2.0,0.0,0.0,0,0,0,0,0,0,0,0,0,0.0
291,runs\cem\day_0291,30.0,358,Fil,reduced,5.04,27.9,0.0,0.0,0.0,0,42.26,2.4,0.0,0.0,0.0,0,12.46,0.0,0.0,0.0,0.0,0,22.32,0.0,0.0,0.0,0.0,0,8.42,0.0,0.0,0.0,0.0,0,34.68,0.0,0.0,0.0,0.0,0,0.0,0.0,0.0,14.0,122.0,0.0,0.0,0.0,0.0,0.0,0,3,0,0,0,0,0,0,0,0.0
292,runs\cem\day_0292,30.0,339,Fil,reduced,14.4,0.0,0.0,0.0,0.0,0,15.1,38.92,0.2,0.0,0.0,0,40.68,1.08,0.0,0.0,0.0,0,46.8,3.24,0.2,0.0,0.0,0,33.8,0.4,0.0,0.0,0.0,0,40.32,0.0,0.0,0.0,0.0,0,2.0,0.2,2.0,46.0,228.0,0.0,0.0,2.0,0.0,0.0,0,2,1,0,0,0,0,0,0,0.0013333333333333333
293,runs\cem\day_0293,30.0,318,Fil,reduced,5.34,0.0,0.0,0.0,0.0,0,12.44,26.62,0.0,0.0,0.0,0,30.1,0.0,0.0,0.0,0.0,0,39.0,0.0,0.0,0.0,0.0,0,23.24,0.0,0.0,0.0,0.0,0,53.08,0.0,0.0,0.0,0.0,0,0.0,0.0,0.0,204.0,166.0,0.0,0.0,0.0,0.0,0.0,0,3,0,0,0,0,0,0,0,0.0
294,runs\cem\day_0294,30.0,396,Fil,reduced,0.0,59.8,29.46,0.0,0.0,0,9.82,0.0,0.4,0.0,0.0,0,23.36,0.0,0.4,0.0,0.0,0,26.3,0.0,0.0,0.0,0.0,0,36.88,3.42,29.46,0.0,0.0,0,50.56,0.0,0.0,0.0,0.0,0,4.0,29.46,2.0,30.0,166.0,0.0,0.0,4.0,0.0,0.0,0,3,0,0,0,0,0,0,0,0.166
295,runs\cem\day_0295,30.0,336,Fil,reduced,7.64,0.0,0.0,0.0,0.0,0,11.52,29.7,0.0,0.0,0.0,0,34.02,0.0,0.0,0.0,0.0,0,25.3,0.28,0.0,0.0,0.0,0,22.78,0.0,0.0,0.0,0.0,0,32.46,0.0,0.0,0.0,0.0,0,0.0,0.0,0.0,14.0,134.0,0.0,0.0,0.0,0.0,0.0,0,1,0,0,0,0,0,0,0,0.0
296,runs\cem\day_0296,30.0,291,Fil,reduced,15.38,0.0,1.24,0.0,0.0,0,6.26,0.0,1.24,0.0,0.0,0,5.42,0.0,0.0,0.0,0.0,0,44.36,0.0,0.0,0.0,35.62,0,7.68,0.0,0.0,0.0,0.0,0,27.94,0.0,0.0,0.0,0.0,0,4.0,0.0,0.0,0.0,114.0,0.0,2.0,0.0,0.0,0.0,0,0,0,0,0,0,0,0,0,0.007
297,runs\cem\day_0297,30.0,404,Fil,reduced,47.16,0.7,0.06,0.0,0.0,0,41.56,0.0,0.0,0.0,0.0,0,2.84,0.0,0.0,0.0,0.0,0,55.66,0.0,0.0,0.0,0.0,0,35.72,0.0,0.0,0.0,0.0,0,34.2,0.0,0.06,0.0,0.0,0,2.0,0.06,2.0,116.0,204.0,0.0,0.0,2.0,0.0,0.0,0,0,0,0,0,0,0,0,0,0.0003333333333333333
298,runs\cem\day_0298,30.0,395,Fil,reduced,8.1,0.0,0.0,0.0,0.0,0,9.12,13.62,0.0,0.0,0.0,0,4.5,0.0,0.0,0.0,0.0,0,50.68,0.0,0.0,0.0,0.0,0,3.6,0.0,0.0,0.0,0.0,0,29.38,0.0,0.0,0.0,0.0,2,0.0,0.0,0.0,44.0,66.0,4.0,0.0,0.0,0.0,0.0,0,2,0,0,0,0,0,0,0,0.0
299,runs\cem\day_0299,30.0,398,Fil,reduced,8.64,58.74,0.18,0.0,0.0,0,34.46,34.54,0.18,0.0,0.0,0,10.58,0.0,20.88,0.0,0.0,0,81.66,0.0,0.0,0.0,0.0,0,17.42,0.0,20.88,0.0,0.0,0,30.56,0.0,0.0,0.0,0.0,0,4.0,20.88,2.0,14.0,230.0,0.0,0.0,2.0,0.0,0.0,0,2,1,0,0,0,0,0,0,0.11699999999999999
